MSE,R2
23.248766588129108,0.2634309396999791
