MSE,R2
3.1740973539761073,0.8994380241009119
