MSE,R2
30.620733995242563,0.029871749149522397
