MSE,R2
10.204654118800956,0.6766954295627076
